Brand,Name,Price,Type,Store
Annie's Home Kitchen,"Classic Cheddar Macaroni and Cheese, Pasta & Mac and Cheese, 6 oz",$1.18,Mac & Cheese,Walmart
Annie's Home Kitchen,"Shells & Aged Cheddar Macaroni and Cheese, Mac and Cheese, 6 oz",$1.18,Mac & Cheese,Walmart
Kraft,"Original Macaroni & Cheese Dinner, 7.25 oz Box",$0.88,Mac & Cheese,Walmart
Kraft,"Original Macaroni & Cheese Easy Microwavable Dinner, 4 ct Pack, 2.05 oz Cups",$3.78,Mac & Cheese,Walmart
Kraft,"Original Macaroni & Cheese Dinner, 5 ct Pack, 7.25 oz Boxes",$4.50,Mac & Cheese,Walmart
Velveeta,"Shells & Cheese Original Shell Pasta & Cheese Sauce Meal, 3 ct Pack, 12 oz Boxes",$6.48,Mac & Cheese,Walmart
Great Value,"Original Macaroni & Cheese, 7.25 oz",$0.50,Mac & Cheese,Walmart
Great Value,"Deluxe Original Cheddar Macaroni & Cheese, 14 oz",$1.48,Mac & Cheese,Walmart
Velveeta,"Shells & Cheese Original Shell Pasta & Cheese Sauce Meal, 12 oz Box",$2.98,Mac & Cheese,Walmart
Great Value,"Premium Original Shells & Cheese, 12 oz",$1.48,Mac & Cheese,Walmart
Kraft,"Triple Cheese Macaroni & Cheese Easy Microwavable Dinner, 4 ct Pack, 2.05 oz Cups",$3.78,Mac & Cheese,Walmart
Annie's,"Real Aged White Cheddar Macaroni & Cheese, 4 ct, 8.04 oz",$4.98,Mac & Cheese,Walmart
Annie's,Deluxe Rich & Creamy Shells & Four Cheese 11.3 oz,$2.98,Mac & Cheese,Walmart
Great Value,"Original Premium Shells & Cheese Microwavable Cups, 8 Count",$5.54,Mac & Cheese,Walmart
Hamburger Helper,"Pasta and Cheeseburger Macaroni Sauce Mix, 13.6 oz",$1.98,Mac & Cheese,Walmart
Kraft,"Deluxe Original Macaroni & Cheese Easy Microwavable Dinner, 8 ct Box, 2.39 oz Cups",$6.92,Mac & Cheese,Walmart
Cheetos,Mac'N Cheese Pasta With Flavored Sauce Flamin' Hot Flavor 2.11 Oz,$0.96,Mac & Cheese,Walmart
Kraft,"Deluxe White Cheddar & Garlic & Herbs Macaroni & Cheese Dinner, 11.9 oz Box",$2.98,Mac & Cheese,Walmart
Bob Evans,"Tasteful Sides Macaroni & Cheese, 2 count, 12 oz",$3.38,Mac & Cheese,Walmart
Mac & Cheese,"Microwave Meal, 16 OZ Cup (Vegetarian)",$4.97,Mac & Cheese,Walmart
Annie's,Deluxe Rich & Creamy Shells & Four Cheese 11.3 oz,$2.98,Mac & Cheese,Walmart
Annie's,"Organic Vegan Cheddar Macaroni & Cheese, Microwavable, 2 cups, 4.02 oz",$2.48,Mac & Cheese,Walmart
Kraft,"Macaroni & Cheese Frozen Dinner with Breaded Chicken Nuggets & Broccoli, 8.5 oz Box",$2.78,Mac & Cheese,Walmart
Kraft,"Macaroni & Cheese Frozen Dinner with Chicken & Beef Meatballs & Apples in a Cinnamon Sugar Sauce, 8.5 oz Box",$2.78,Mac & Cheese,Walmart
Velveeta,"Shells & Cheese Original Microwavable Shell Pasta & Cheese Sauce, 2.39 oz Cup",$1.32,Mac & Cheese,Walmart
Bob Evans,"Cheddar Macaroni & Cheese with Bacon, 20 Oz, Pack of 1",$3.38,Mac & Cheese,Walmart
Banquet,"Mega Meals Boneless Fried Chicken Frozen Dinner, 12 Ounce",$2.34,Mac & Cheese,Walmart
Velveeta,"Skillets Ultimate Cheeseburger Mac One Pan Dinner Kit with Cheese Sauce, Pasta & Seasonings, 12.8 oz Box",$2.98,Mac & Cheese,Walmart
Great Value,"Gluten-Free Macaroni & Cheese, 6 oz",$1.28,Mac & Cheese,Walmart
Marie Callender's,"Spicy Buffalo Style Chicken Mac & Cheese Bowl, 11.5 oz",$2.48,Mac & Cheese,Walmart
Daiya Vegan,"Gluten-Free Cheese, Herbs Macaroni & Cheese, 10.6 Oz",$3.97,Mac & Cheese,Walmart
Amy's,"Frozen Bowls, Chili Mac, Gluten Free, 9-Ounce",$4.17,Mac & Cheese,Walmart
Knorr,"Chicken Pasta Sides No Artificial Flavors, No Preservatives, No Added MSG 4.3 oz",$1.00,Mac & Cheese,Walmart
HORMEL,"Homestyle Meatloaf with Tomato Sauce, 15 oz",$6.28,Mac & Cheese,Walmart
Lean Cuisine,Favorites Five Cheese Rigatoni Frozen Meal 10 oz.,$2.08,Mac & Cheese,Walmart
Lean Cuisine,Favorites Cheese Ravioli Frozen Meal 8.5 oz.,$2.08,Mac & Cheese,Walmart
Barilla,Classic Blue Box Pasta Medium Shells 16 oz,$1.28,Mac & Cheese,Walmart
WOLF BRAND,"Chili No Beans, Chili Without Beans, 24 oz.",$3.12,Mac & Cheese,Walmart
Great Value,"Artisan Crafted Cheeseburger Mac, 12.8 oz",$1.92,Mac & Cheese,Walmart
Sweet Earth,Cauliflower Mac Bowl Frozen Dinner 9 oz.,$3.98,Mac & Cheese,Walmart
Annie's,Deluxe Rich & Creamy Shells & Four Cheese 11.3 oz,$2.98,Mac & Cheese,Walmart
Annie's,"Organic Vegan Cheddar Macaroni & Cheese, Microwavable, 2 cups, 4.02 oz",$2.48,Mac & Cheese,Walmart
Kraft,"Macaroni & Cheese Frozen Dinner with Breaded Chicken Nuggets & Broccoli, 8.5 oz Box",$2.78,Mac & Cheese,Walmart
Kraft,"Macaroni & Cheese Frozen Dinner with Chicken & Beef Meatballs & Apples in a Cinnamon Sugar Sauce, 8.5 oz Box",$2.78,Mac & Cheese,Walmart
Velveeta,"Shells & Cheese Original Microwavable Shell Pasta & Cheese Sauce, 2.39 oz Cup",$1.32,Mac & Cheese,Walmart
Bob Evans,"Cheddar Ranch Macaroni & Cheese with Bacon, 20 Oz, Pack of 1",$3.38,Mac & Cheese,Walmart
Banquet,"Mega Meals Boneless Fried Chicken Frozen Dinner, 12 Ounce",$2.34,Mac & Cheese,Walmart
Velveeta,"Skillets Ultimate Cheeseburger Mac One Pan Dinner Kit with Cheese Sauce, Pasta & Seasonings, 25.6 oz Box",$7.28,Mac & Cheese,Walmart
Great Value,"Gluten-Free Macaroni & Cheese, 6 oz",$1.68,Mac & Cheese,Walmart
Marie Callender's,"Spicy Buffalo Style Chicken Mac & Cheese Bowl, 11.5 oz",$2.48,Mac & Cheese,Walmart
California Pizza Kitchen,Kitchen BBQ Recipe Chicken Crispy Thin Crust Frozen Pizza 14.7 oz.,$6.14,Pizza,Walmart
Tombstone,Pepperoni Frozen Pizza 19.3 oz.,$3.87,Pizza,Walmart
DIGIORNO,Pepperoni Frozen Pizza on a Rising Crust 27.5 oz.,$5.27,Pizza,Walmart
Great Value,"Rising Crust Pizza, Pepperoni, 26.6 oz",$2.78,Pizza,Walmart
Totino's,"Pepperoni Party Pizza Pack! Frozen Pizza, 4 count",$5.13,Pizza,Walmart
Red Baron,"Classic Crust Pepperoni Pizza, 20.60 oz",$3.98,Pizza,Walmart
Jack's,Original Thin Crust Pepperoni Frozen Pizza 14.392 oz.,$2.98,Pizza,Walmart
DIGIORNO,Four Cheese Frozen Pizza on a Rising Crust 28.2 oz.,$5.27,Pizza,Walmart
Great Value,"Rising Crust Three Meat Pizza, 28.8 oz (Frozen)",$2.78,Pizza,Walmart
Red Baron,"Pizza, Classic Crust Four Meat, 21.95 oz",$3.98,Pizza,Walmart
DIGIORNO,Three Meat Frozen Pizza on a Stuffed Crust 24.5 oz.,$7.78,Pizza,Walmart
DIGIORNO,Three Meat Frozen Pizza on a Croissant Crust 26.4 oz.,$5.78,Pizza,Walmart
Totino's,"Hamburger Original Crisp Crust Party Pizza, 1 Frozen Pizza",$1.30,Pizza,Walmart
MorningStar,"Farms Plant Based Vegan Meatless Original Chicken Strips, 13.5oz, 54 CT Resealable Bag (Frozen)",$5.98,Pizza,Walmart
Great Value,"Thin Crust Four Cheese Pizza, 15.55 Oz (Frozen)",$2.80,Pizza,Walmart
DIGIORNO,Pepperoni Frozen Pizza on an Original Thin Crust 22.1 oz.,$5.27,Pizza,Walmart
Totino's,"Triple Meat Party Pizza Pack! Frozen Pizza, 4 Count",$5.13,Pizza,Walmart
Great Value,"Thin Crust Pepperoni Pizza, 16.35 oz",$2.80,Pizza,Walmart
Red Baron,"Brick Oven Crust Supreme Pizza, 18.64 oz",$4.26,Pizza,Walmart
Sam's Choice,"Frozen Stuffed Crust Seven Cheese Pizza, 33.6 Oz",$5.98,Pizza,Walmart
CAULIPOWER,"Margherita Stone-fired Cauliflower Crust Pizza, 10.9 oz",$6.48,Pizza,Walmart
CAULIPOWER,"Gluten-Free Italian Sausage & Vegetables Pizza, 11.55 Oz (Frozen)",$6.48,Pizza,Walmart
Motor City,"Four Cheese Detroit Style Deep Dish Pizza, 25.84 oz (Frozen)",$6.60,Pizza,Walmart
DIGIORNO,Pepperoni Frozen Personal Pizza on a Traditional Crust 9.3 oz.,$3.50,Pizza,Walmart
Screamin' Sicilian,"Original Holy Pepperoni Pizza, 22.3 oz",$6.23,Pizza,Walmart
Marketside,"Large Cheese-Stuffed Crust Pepperoni Pizza, 46 oz",$9.00,Pizza,Walmart
Marketside,"Buffalo Style Chicken Flatbread, 11.4 oz",$5.00,Pizza,Walmart
Totino's,"Pepperoni Party Pizza, Frozen Pizza, 10.2 oz.",$1.30,Pizza,Walmart
CAULIPOWER,"Veggie Stone-fired Cauliflower Crust Pizza, 10.9 oz",$6.48,Pizza,Walmart
CAULIPOWER,"Uncured Pepperoni Stone-fired Cauliflower Crust Pizza, 11.3 oz",$6.48,Pizza,Walmart
Life Cuisine,Pepperoni Cauliflower Crust Pizza 6 oz.,$4.18,Pizza,Walmart
Life Cuisine,Cauliflower Crust Three Cheese Frozen Pizza 6 oz.,$4.18,Pizza,Walmart
Quest,"Nutrition Thin Crust Pizza Uncured Pepperoni, 11.4 Oz (Frozen)",$7.20,Pizza,Walmart
Red Baron,"Four Cheese Pizza Melt, 5.34 oz",$2.97,Pizza,Walmart
Palermo's,Rising Crust Hawaiian Style Frozen Pizza 30.2 oz,$5.00,Pizza,Walmart
Sam's Choice,"Thin Crust Supreme Pizza, 21.7 oz",$5.00,Pizza,Walmart
Sam's Choice,"Thin Crust 4 Meat Pizza, 20.16 oz",$5.00,Pizza,Walmart
Sam's Choice,"Thin Crust Cheese Pizza, 19.1 oz",$5.00,Pizza,Walmart
Palermo's,"Rising Crust 4 Cheese Frozen Pizza, 30.3 oz",$5.00,Pizza,Walmart
Palermo's,"Rising Crust Pepperoni Frozen Pizza, 30.0 oz",$5.00,Pizza,Walmart
Maruchan Instant,"Lunch Beef Ramen Noodle Baby Pack, 12 ct",$2.27,Ramen,Walmart
Maruchan Instant,"Ramen Chicken Flavor, 12 ct, 3 oz",$2.27,Ramen,Walmart
Nissin,"Chicken Flavor Hot & Spicy Ramen Noodle Soup, 3.32 oz",$0.77,Ramen,Walmart
Maruchan Instant,"Lunch Chicken Flavor Ramen Noodle Soup, 2.25 oz, 6 count",$1.88,Ramen,Walmart
Maruchan Instant,"Lunch Chicken Flavor Ramen Noodle Soup, 2.25 oz",$0.37,Ramen,Walmart
Maruchan Instant,"Shrimp Flavor Ramen Noodle Soup, 3 oz, 12 count",$2.27,Ramen,Walmart
Nissin,"Teriyaki Chicken Flavor Chow Mein Noodles, 4 oz",$0.77,Ramen,Walmart
Nissin,"The Original Top Ramen Beef Flavor Ramen Noodle Soup, 3.28 oz",$0.78,Ramen,Walmart
Tapatio,"Chicken Flavor Ramen Noodle Soup, 3.7 Oz",$1.18,Ramen,Walmart
Nongshim,"Shin Ramyun Spicy Beef Ramen Noodle Soup Cup, 2.64oz X 1 Count",$0.84,Ramen,Walmart
Nongshim,"Neoguri Spicy Seafood Ramyun Ramen Noodle Soup Pack, 4.2oz X 4 Count",$3.76,Ramen,Walmart
Nissin,"Souper Meal Chicken Flavor Ramen Noodle Soup, 4.3",$0.78,Ramen,Walmart
Tapatio,Ramen Shrimp Bowl 3.7oz,$1.18,Ramen,Walmart
Cup Noodle,"Curry, 2.8oz (80g)",$1.24,Ramen,Walmart
Kusari,"Noodles Kids Veggie Noodle Cup, 2.04 oz. Dry Food",$2.28,Ramen,Walmart
Campbells,"Sipping Soup, Chicken & Mini Round Noodles, 10.75 Ounce Cup",$1.48,Ramen,Walmart
Knorr,Sopa Pasta Soup Mix Chicken Noodle 3.5 oz,$0.42,Ramen,Walmart
Maggi,Chicken Flavor Noodle Soup Mix 2.11 oz.,$0.62,Ramen,Walmart
SNAPDRAGON,RAMEN CHICKEN CUP 2.2 OZ,$1.98,Ramen,Walmart
SNAPDRAGON,RAMEN RAMEN SPICEY TONKOTSU CUP 2.2 OZ,$1.98,Ramen,Walmart
Brand,Name,Price,Type,Store
Annie's Homegrown,"Organic Grassfed Mac And Cheese 2pk, 4.02 oz",$4.49,Mac & Cheese,Whole foods
Annie's Homegrown,"Deluxe Mac N Cheese Classic, 11.3 oz",$3.99,Mac & Cheese,Whole foods
Banza,"Chickpea Pasta Mac And Cheese, 5.5 oz",$3.99,Mac & Cheese,Whole foods
PASTABILITIES,"Organic Dinosaur Mac 'N Cheese, 10 oz",$5.49,Mac & Cheese,Whole foods
Banza,"Chickpea Shells Mac & Cheddar Cheese, 5.5 ounce",$3.99,Mac & Cheese,Whole foods
Sweet Earth,"Cauliflower Mac And Cheese Bowl, 9 oz",$4.99,Mac & Cheese,Whole foods
Sweet Earth,"Bowl Pizza Mac And Cheese, 9 oz",$4.99,Mac & Cheese,Whole foods
Annie's Homegrown,"Mac And Cheese White Cheddar 2pk, 2.01 oz",$3.79,Mac & Cheese,Whole foods
AMYS,"Cauliflower Mac & 3 Cheese Bowl, 8.25 oz",$5.29,Mac & Cheese,Whole foods
KidFresh,"Wagon Wheels Mac 'n Cheese, 6.3 oz",$3.49,Mac & Cheese,Whole foods
PASTABILITIES,"Organic Under The Sea Mac 'N Cheese, 10 oz",$5.49,Mac & Cheese,Whole foods
PASTABILITIES,"Organic Pasta Ruffles Mac 'N Cheese, 9 oz",$5.49,Mac & Cheese,Whole foods
Boomerang's,"Mac & Cheese, 6 oz",$3.79,Mac & Cheese,Whole foods
Annie's Homegrown,"Mac & Cheese Cheddar Deluxe, 10.8 oz",$5.29,Mac & Cheese,Whole foods
Annie's Homegrown,"Mac & Cheese Broccoli Deluxe, 11 oz",$5.29,Mac & Cheese,Whole foods
Amy's Kitchen,"Rice Mac & Cheese, 9 oz",$3.79,Mac & Cheese,Whole foods
Modern Table,"Classic Cheddar Mac & Cheese, 5.89 oz",$4.19,Mac & Cheese,Whole foods
Banza,"Deluxe Elbows & Cheddar Mac & Cheese, 11 oz",$4.99,Mac & Cheese,Whole foods
Modern Table,"White Cheddar Mac & Cheese, 5.89 oz",$4.19,Mac & Cheese,Whole foods
Beecher's,"""World's Best"" Mac & Cheese, 20 oz",$14.49,Mac & Cheese,Whole foods
Banza,"Chickpea Elbow Mac & White Cheddar Cheese, 5.5 oz",$3.99,Mac & Cheese,Whole foods
Banza,"Chickpea Pasta Mac & Cheese Shells & White Cheddar, 5.5 ounce",$3.99,Mac & Cheese,Whole foods
Beecher's Handmade Cheese,"World's Best Gluten Free Mac & Cheese, 18 oz",$13.99,Mac & Cheese,Whole foods
Amy's Kitchen,"Cheese Pizza, 13 oz",$8.99,Pizza,Whole foods
Amy's Kitchen,"Margherita Pizza, 13 oz",$8.99,Pizza,Whole foods
Daiya Foods,"Supreme Pizza, 19.4 oz",$9.29,Pizza,Whole foods
Amy's Kitchen,"Spinach Pizza, 14 oz",$8.99,Pizza,Whole foods
Caulipower,"Margherita Pizza, 10.9 oz",$8.49,Pizza,Whole foods
Caulipower,"Veggie Pizza, 10.9 oz",$7.99,Pizza,Whole foods
Home Run Inn,"Pepperoni Pizza, 28 oz",$10.99,Pizza,Whole foods
365 by Whole Foods Market,"Frozen Cauliflower Crust Pizza, Cheese",$6.99,Pizza,Whole foods
365 by Whole Foods Market,"Frozen Thin Crust Pizza, Mediterranean",$3.99,Pizza,Whole foods
Whole Foods Market,"Italian Cheeseboard Pizza, 13.7 ounce",$6.99,Pizza,Whole foods
Caulipower,"Three Cheese Pizza, 10.9 oz",$8.49,Pizza,Whole foods
365 by Whole Foods Market,"Frozen Thin Crust Pizza, Four Cheese",$3.99,Pizza,Whole foods
Home Run Inn,"Cheese Classic Pizza, 27 oz",$10.99,Pizza,Whole foods
365 by Whole Foods Market,Frozen Four Cheese Rising Crust Pizza,$3.99,Pizza,Whole foods
Cappello's,"Keto Cheese Pizza, 10.7 ounce",$10.99,Pizza,Whole foods
Cappello's,"Keto Pizza Crust, 5.5 ounce",$6.99,Pizza,Whole foods
Caulipower,"Cauliflower Pizza Crust, 11 oz",$7.99,Pizza,Whole foods
365 by Whole Foods Market,"Thin Crust Pepperoni Pizza, 13.3 oz",$4.99,Pizza,Whole foods
Amy's Kitchen,"No Cheese Roasted Vegetable Pizza, 12 oz",$8.99,Pizza,Whole foods
Daiya Foods,"Meatless Meat Lovers Pizza, 19.1 oz",$9.29,Pizza,Whole foods
365 by Whole Foods Market,"Supreme Thin Crust Pizza, 14.5 oz",$4.99,Pizza,Whole foods
Cali'flour,"Plain Cauliflower Pizza Crusts, 9.75 oz",$10.99,Pizza,Whole foods
365 by Whole Foods Market,"Margherita Thin Crust Pizza, 11.8 ounce",$4.99,Pizza,Whole foods
American Flatbread,"Uncured Pepperoni Bacon Pizza, 10.8 oz",$7.29,Pizza,Whole foods
Against the Grain,"Nut-free Pesto Pizza, 24 oz",$3.67,Pizza,Whole foods
Feel Good Foods,"Margherita Square Pan Pizza, 17.8 oz",$9.99,Pizza,Whole foods
365 by Whole Foods Market,"Frozen Cauliflower Crust, Ready-To-Bake Crust",$5.99,Pizza,Whole foods
Amy's Kitchen,"Vegan Margherita Pizza, 13.5 oz",$8.99,Pizza,Whole foods
Cappello's,"White Pizza Almond Flour Crust, 10.85 oz",$8.29,Pizza,Whole foods
Cappello's,"Cheese Pizza Almond Flour Crust, 11 oz",$8.29,Pizza,Whole foods
365 by Whole Foods Market,"Uncured Pepperoni Rising Crust Pizza, 17.8 ounce",$4.99,Pizza,Whole foods
Daiya Foods,"Pepperoni Style Gluten-free Pizza, 472 g",$9.99,Pizza,Whole foods
Feel Good Foods,"Four Cheese Square Pan Pizza, 17.8 oz",$9.99,Pizza,Whole foods
Feel Good Foods,"Truffle Mushroom Square Pan Pizza, 17.8 oz",$9.99,Pizza,Whole foods
Urban Pie,Pesto Fresh Mozzarella Thin Artisan Crust,$8.99,Pizza,Whole foods
Annie's Homegrown,"Mini Pizza Bagels Cheese, 6.65 oz",$4.49,Pizza,Whole foods
Cappello's,"Uncured Pepperoni Pizza Almond Flour Crust, 12 oz",$8.29,Pizza,Whole foods
Whole Foods Market,"Prepared Foods Pizza, Uncured Pepperoni 16"", 36.8 oz",$11.99,Pizza,Whole foods
Cappello's,"Naked Pizza Crust Almond Flour Crust, 6 oz",$6.99,Pizza,Whole foods
Cappello's,"Italian Sausage Pizza Almond Flour Crust, 12 oz",$8.29,Pizza,Whole foods
365 by Whole Foods Market,"Chicken & Bbq Sauce Thin Crust Pizza, 14.3 oz",$4.99,Pizza,Whole foods
Cappello's,"Keto Buffalo Ranch with Roasted Cauliflower Pizza, 11 ounce",$10.99,Pizza,Whole foods
American Flatbread,"Vegan Harvest Flatbread, 10.2 oz",$6.99,Pizza,Whole foods
Daiya Foods,"Cheeze Lover's Gluten-Free Pizza, 15.7 oz",$9.29,Pizza,Whole foods
Annie's Homegrown,"Mini Uncured Pepperoni Pizza Bagels, 6.65 oz",$4.49,Pizza,Whole foods
American Flatbread,"Tomato Sauce & Three Cheese Pizza (2 Pk), 508 g",$13.99,Pizza,Whole foods
Urban Pie,"Pepperoni with Creamy Rosa Sauce Thin Artisan Crust, 18.55 oz",$8.99,Pizza,Whole foods
Alpha Foods,"Pizza Burrito, 5 oz",$3.19,Pizza,Whole foods
Amy's Kitchen,"Cheese Pizza Snacks, 6 oz",$4.49,Pizza,Whole foods
Sweet Earth,"Bowl Pizza Mac And Cheese, 9 oz",$4.99,Mac & Cheese,Whole foods
Brazi Bites,"Gluten-Free Cheese Bread, 3 Cheese Pizza, 11.5oz (Frozen)",$5.99,Pizza,Whole foods
Outer Aisle Gourmet,"Italian Cauliflower Pizza Crust, 5 oz",$6.99,Pizza,Whole foods
Ocean's Halo,"Organic Ramen Noodles, 10.75 oz",$3.49,Ramen,Whole foods
Hakubaku,"Organic Ramen, 9.5 oz",$3.19,Ramen,Whole foods
Mike's Mighty Good,"Organic Vegetable Ramen Cup, 1.9 oz",$2.79,Ramen,Whole foods
One Culture Foods,"Japanese Spicy Ramen Cup, 3.7 oz",$3.69,Ramen,Whole foods
One Culture Foods,"Japanese Miso Ramen Cup, 3.7 oz",$3.49,Ramen,Whole foods
Mike's Mighty Good,"Organic Chicken Ramen Cup, 1.6 oz",$2.79,Ramen,Whole foods
Dr. McDougall's Right Foods,"Vegan Ramen Chicken Flavor, 1 each",$2.39,Ramen,Whole foods
Mike's Mighty Good,"Organic Spicy Beef Ramen Cup, 1.8 oz",$2.79,Ramen,Whole foods
Mike's Mighty Good,"Organic Pork Tonkotsu Ramen Cup, 1.7 oz",$2.79,Ramen,Whole foods
Dr. McDougall's Right Foods,"Vegan Miso Ramen Noodle Soup, 1 each",$2.39,Ramen,Whole foods
Lotus Foods,"Organic Millet & Brown Rice Ramen 4-pack, 10 oz",$6.49,Ramen,Whole foods
Lotus Foods,"Millet & Brown Rice Ramen With Miso Soup, 2.8 oz",$1.99,Ramen,Whole foods
Lotus Foods,"Tom Yum Ramen Noodle Soup Cup, 2 oz",$2.99,Ramen,Whole foods
Lotus Foods,"Jade Pearl Rice Ramen With Miso Soup, 2.8 oz",$1.99,Ramen,Whole foods
Lotus Foods,"Garlicky Veggie Rice Ramen Soup Cup, 1.94 oz",$2.79,Ramen,Whole foods
Mike's Mighty Good,"Spicy Pork Tonkotsu Ramen, 2.4 oz",$2.79,Ramen,Whole foods
Mike's Mighty Good,"Organic Fried Garlic Chicken Ramen, 2.2 oz",$2.79,Ramen,Whole foods
Lotus Foods,"Organic Jade Pearl Rice Ramen (4 Pk), 10 oz",$6.29,Ramen,Whole foods
Mike's Mighty Good,"Organic Kimchi Ramen Noodle Soup Pillow Pack, 2.3 oz",$2.79,Ramen,Whole foods
Lotus Foods,"Spicy Kimchi Rice Ramen Noodle Soup, 1.98 oz",$2.99,Ramen,Whole foods
